{
  "per_question": [
    {
      "question": "What does ACID stand for in database systems?",
      "rag_rougeL": 0.2857142857142857,
      "non_rag_rougeL": 0.0,
      "rag_semantic": 0.5531092286109924,
      "non_rag_semantic": 0.018939491361379623
    },
    {
      "question": "Why are indexes used in databases?",
      "rag_rougeL": 0.21052631578947367,
      "non_rag_rougeL": 0.0,
      "rag_semantic": 0.43067896366119385,
      "non_rag_semantic": 0.21179790794849396
    },
    {
      "question": "What is the goal of normalization?",
      "rag_rougeL": 0.303030303030303,
      "non_rag_rougeL": 0.0,
      "rag_semantic": 0.5071209669113159,
      "non_rag_semantic": 0.17754365503787994
    },
    {
      "question": "How do query plans choose operators?",
      "rag_rougeL": 0.35294117647058826,
      "non_rag_rougeL": 0.0,
      "rag_semantic": 0.4329919219017029,
      "non_rag_semantic": 0.2011042684316635
    }
  ],
  "average": {
    "rag_rougeL": 0.28805302025116264,
    "non_rag_rougeL": 0.0,
    "rag_semantic": 0.48097527027130127,
    "non_rag_semantic": 0.15234633069485426
  }
}